ID,Họ tên,Giới tính,Ngày sinh,CCCD,SDT
CQ01,ĐỖ THANH QUANG,nam,18/11/2009,002298567138,0368228631
CQ02,PHAN QUỐC DUYÊN,nữ,12/02/2020,034909852244,0943029765
CQ03,NGỌC NGỌC KHÁNH,nam,12/09/2014,080840041314,0358485716
CQ04,MAI HỮU KHANG,nam,16/09/1984,054476652574,0355476425
CQ05,Vũ Ngọc Lưu,nam,19/6/1989,068217180483,0893580754
CQ06,VŨ MINH HUY,nam,05/06/1993,006660854500,0888339356
CQ07,HỒ VĂN TÂM,nam,26/11/2010,049469923303,0337418284
CQ08,ĐỖ GIA HÒA,nam,04/12/2022,034608234525,0941146804
CQ09,VÕ THỊ VINH,nữ,18/01/1986,060176205000,0339532967
CQ10,TẠ NGỌC NHÂN,nam,03/12/1991,033224164759,0887138159
CQ11,Hà Gia Dũng,nữ,19/12/2020,001121241806,0331677813
CQ12,TẠ ĐÌNH THÚY,nam,07/06/2014,058829247238,0824202436
CQ13,NGỌC VĂN LINH,nam,21/07/2012,002482689232,0529394596
CQ14,PHAN NGỌC HÒA,nữ,19/12/2013,093350786033,0376106281
CQ15,PHẠM NGỌC THÁI,nữ,04/04/2005,056306307408,0871359553
CQ16,ĐẶNG MINH CHI,nam,20/06/2014,019479406951,0327808603
CQ17,HOÀNG THANH HUY,nam,14/02/2021,010176533182,0701976849
CQ18,DƯƠNG THANH HUY,nam,11/08/2016,094910867933,0913632563
CQ19,TẠ HỮU YẾN,nữ,02/10/2018,096560416203,0703972828
CQ20,TRỊNH HỮU LƯU,nam,08/06/2016,046326607284,0365624571
CQ21,VÕ NGỌC KHÁNH,nữ,29/12/2016,001926186972,0892030193
CQ22,PHẠM MINH LINH,nữ,22/01/2009,012801140705,0798732792
CQ23,BÙI MINH VŨ,nam,24/10/1991,049899714796,0561324894
CQ24,MAI MINH HÒA,nữ,08/06/2009,083337203602,0366466278
CQ25,PHAN MINH TIẾN,nữ,02/07/1992,077832454430,0528432956
CQ26,ĐẶNG KHÁNH THÀNH,nam,17/11/2016,025744635236,0358508677
CQ27,TRÍ THANH TRANG,nam,18/01/2003,011653383817,0343876251
CQ28,ĐỖ KHÁNH NAM,nam,05/10/2003,034633457637,0592019797
CQ29,VƯƠNG THỊ HỒNG,nam,13/11/1998,017555544665,0969541854
CQ30,VƯƠNG GIA CHI,nữ,17/01/1991,089192462058,0798630936
CQ31,TẠ KHÁNH KHANG,nữ,22/05/2016,080962357480,0966926654
CQ32,HÀ NGỌC QUỐC,nữ,25/04/2020,089387266977,0914740130
CQ33,VƯƠNG GIA MINH,nam,18/09/2017,048460694189,0704436146
CQ34,ĐẶNG THANH DUYÊN,nữ,22/12/2015,093184405153,0947018378
CQ35,VÕ QUỐC KHOA,nam,08/09/2010,089451563813,0932616053
CQ36,ĐỖ GIA XUÂN,nam,08/01/2011,044523695510,0329744933
CQ37,LÂM KHÁNH LINH,nữ,31/05/2023,004951446141,0584180728
CQ38,LÊ MINH SƠN,nữ,12/12/2015,031781693892,0582189498
CQ39,LƯƠNG MINH CẨM,nam,12/11/1998,012455955572,0568758711
CQ40,HÀ NGỌC QUỐC,nam,22/06/2015,002346073388,0856433535
CQ41,LÂM QUỐC TUYẾT,nam,29/03/2006,038686744462,0942501023
CQ42,TRỊNH QUỐC HÒA,nam,05/07/1993,045639375273,0391935674
CQ43,ĐỖ ĐÌNH HÒA,nữ,18/02/2020,038418064846,0844386956
CQ44,LÊ MINH LAN,nam,10/11/2013,030824583302,0848239539
CQ45,ĐẶNG MINH XUÂN,nam,15/12/2016,089262697462,0364774023
CQ46,ĐỖ VĂN LINH,nam,29/05/2011,089234137690,0899266716
CQ47,VŨ THANH TRÍ,nam,06/10/2018,060590305810,0359908115
CQ48,HỒ THỊ THẢO,nam,18/01/2019,011864498531,0784192051
CQ49,VŨ QUỐC LAN,nam,20/01/2023,017443877162,0351242387
CQ50,NGUYỄN MINH NAM,nữ,28/06/2009,004850821620,0989223736
CQ51,HÀ GIA LƯU,nữ,18/07/2004,058795022712,0774268225
CQ52,LÊ MINH THÀNH,nam,01/04/2008,058718391066,0524806190
CQ53,BÙI THANH XUÂN,nam,04/06/2005,092272131238,0836555964
CQ54,HOÀNG VĂN MINH,nữ,05/01/1989,040951913102,0914250841
CQ55,HÀ MINH QUỐC,nam,12/06/1992,001744626337,0767892723
CQ56,PHẠM GIA VINH,nam,24/08/2017,074299400360,0359817227
CQ57,Ngô Gia Trí,nam,21/11/1977,074152189321,0387680052
CQ58,ĐỖ HỮU THÀNH,nữ,25/10/2017,049955616883,0589846458
CQ59,ĐẶNG ĐÌNH XUÂN,nam,23/01/2020,024651559698,0585564202
CQ60,DƯƠNG NGỌC SƠN,nữ,08/06/2020,058523076753,0872439081
CQ61,HỒ KHÁNH LINH,nam,07/03/2010,051369195182,0362536227
CQ62,BẠCH NGỌC TÚ,nữ,11/05/1988,068475940595,0889381869
CQ63,TRỊNH MINH NHÂN,nữ,06/12/2008,035149570898,0384867262
CQ64,TẠ QUỐC MỸ,nam,14/05/2019,034921923410,0526561017
CQ65,ĐẶNG QUỐC VY,nam,21/02/2008,017598798757,0915253697
CQ66,NGUYỄN THANH NGỌC,nam,24/12/2005,004301065423,0388203276
CQ67,DƯƠNG THỊ BÌNH,nam,12/11/2022,035657676263,0988871969
CQ68,HỒ THỊ NGỌC,nữ,16/07/2003,046415938918,0373205605
CQ69,DƯƠNG MINH THẢO,nữ,16/08/2004,044308650585,0783793053
CQ70,PHẠM MINH CẨM,nữ,06/01/2014,079998961278,0593273137
CQ71,Ngọc Đình Hải,nam,02/05/2021,079679978693,0886005585
CQ72,Lê Quốc Trí,nam,15/08/2013,074184313515,0849674062
CQ73,TRẦN ĐÌNH TRUNG,nữ,13/02/1993,067159267145,0846053787
CQ74,ĐẶNG KHÁNH HÒA,nam,09/11/2012,095508940669,0599282572
CQ75,PHAN VĂN THÀNH,nữ,12/01/1994,019292017694,0338050013
CQ76,PHẠM GIA DUYÊN,nữ,15/10/2016,046953553765,0764450782
CQ77,Ngô Đình Tùng,nữ,21/02/2002,027610117468,0902136460
CQ78,HƯNG GIA DUY,nam,13/03/2014,089460452524,0847631781
CQ79,LÝ HỮU TÚ,nam,05/11/2000,082756274445,0817659942
CQ80,TRỊNH QUỐC CHI,nam,06/08/2010,062658520993,0323386066
CQ81,NGÔ ĐÌNH XUÂN,nam,29/11/2011,067334711012,0918499556
CQ82,Trịnh Quốc Nhân,nữ,05/12/2005,046639359251,0344607038
CQ83,TRẦN NGỌC LƯU,nữ,16/02/2010,025916472992,0949681054
CQ84,VƯƠNG ĐÌNH ANH,nam,12/8/2012,086891279818,0935948127
CQ85,Lý Thị Lê,nam,06/09/1991,070972306144,0393626001
CQ86,PHẠM ĐÌNH HẢI,nữ,17/07/2012,035936655498,0934508376
CQ87,LÂM QUỐC LÊ,nam,29/01/1991,072430575838,0771029172
CQ88,NGỌC NGỌC NGỌC,Nam,15/04/2022,004646628025,0775683802
CQ89,MAI NGỌC HƯƠNG,nam,11/04/2001,035678353654,0783749448
CQ90,TRỊNH THANH DUY,nữ,18/06/1998,056724259996,0761927588
CQ91,HÀ HỮU THÁI,nam,02/06/2000,045550371933,0395348107
CQ92,NGỌC THANH TUYẾT,nam,20/03/2020,095215440636,0356085539
CQ93,PHẠM NGỌC BÌNH,nữ,02/05/1984,056619083233,0931307151
CQ94,VÕ HỮU HƯƠNG,nam,26/07/2023,087294422334,0775749111
CQ95,PHAN KHÁNH TUYẾT,nam,27/12/1995,037831498078,0788706999
CQ96,HÀ MINH LƯU,nam,09/11/2023,036650322438,0351247244
CQ97,HOÀNG THANH TRANG,nam,04/05/1984,036196205683,0826194232
CQ98,LÝ GIA XUÂN,nữ,03/08/1992,010575071566,0366122327
CQ99,HỒ QUỐC THÀNH,nam,25/06/2008,093424990621,0915783653
CQ100,BẠCH THỊ CẨM,nam,17/08/2016,095358847907,0784754477
CQ101,LÊ GIA TRUNG,nữ,02/11/2011,086957990587,0339201502
CQ102,TRÍ NGỌC TIẾN,nam,22/07/1996,027795825036,0891125555
CQ103,TRẦN NGỌC TRUNG,nữ,23/10/2003,025696360690,0322632741
CQ104,HỒ THANH DUYÊN,nam,03/04/2003,022762760375,0354944247
CQ105,VƯƠNG VĂN MINH,nữ,13/02/2018,074908845464,0934039988
CQ106,HƯNG THANH QUỐC,nữ,21/10/2007,077491459973,0872045459
CQ107,Lý Văn Tùng,nam,2/7/2020,080279850906,0589194416
CQ108,Ngô Thị Toàn,nữ,29/11/1974,038621932873,0813987974
CQ109,VŨ HỮU KHÁNH,nam,07/05/1998,026110765542,0995864569
CQ110,VƯƠNG VĂN TIẾN,nam,28/10/2008,060128070654,0368756701
CQ111,TRƯƠNG THANH DUY,nữ,12/1/1999,036200821207,0967832677
CQ112,NGÔ ĐÌNH TRÍ,nam,18/07/2007,004758872115,0895591549
CQ113,TRÍ THỊ KHÁNH,nam,12/04/2006,035226258775,0873226683
CQ114,Tạ Văn Hải,nữ,02/11/2021,092645754009,0351888222
CQ115,TRƯƠNG THANH VỸ,nữ,17/12/2021,038614034892,0354645099
CQ116,NGỌC ĐÌNH CHI,nữ,13/11/1986,012781550309,0331632490
CQ117,HỒ THỊ NGỌC,nam,31/01/2017,072378600431,0591476472
CQ118,NGUYỄN QUỐC QUANG,nữ,7/10/2007,066927137085,0345638194
CQ119,HÀ THANH VINH,nữ,01/11/2016,070925274443,0356231235
CQ120,PHAN GIA VY,nam,14/04/2009,034299280089,0889153215
CQ121,NGÔ ĐÌNH TOÀN,nữ,29/04/1978,087393164034,0889463413
CQ122,PHẠM MINH TIẾN,nữ,21/12/2012,066242331605,0363409157
CQ123,TRƯƠNG NGỌC DUY,nữ,6/4/2015,093519397027,0902146970
CQ124,TẠ KHÁNH VỸ,nữ,27/09/2016,037124554973,0891687125
CQ125,PHAN HỮU MỸ,nam,9/4/2022,026686565786,0598231608
CQ126,Đặng Khánh Quang,nam,05/02/2006,046827940612,0353231164
CQ127,VÕ GIA HÀ,nam,03/11/2013,035265469968,0585193005
CQ128,ĐỖ ĐÌNH TIẾN,nữ,14/10/2023,060924900797,0943458286
CQ129,NGÔ NGỌC VY,nữ,19/05/2015,017218056216,0945629253
CQ130,TRỊNH GIA HÒA,nam,20/05/1999,008944585042,0343213624
CQ131,LÝ GIA THÀNH,nam,04/09/1982,034970346044,0599590148
CQ132,VŨ KHÁNH NAM,nam,06/06/2019,015215603407,0779781619
CQ133,VŨ HỮU TÂM,nữ,05/06/2014,084406457519,0569658474
CQ134,HOÀNG HỮU THÚY,nam,13/7/2022,093470232699,0587564854
CQ135,TRẦN THỊ THÚY,nữ,18/04/2021,048647908388,0567915918
CQ136,LƯƠNG ĐÌNH NAM,nữ,19/04/2014,094858049849,0786982383
CQ137,VƯƠNG HỮU TRUNG,nữ,21/04/2015,049937039060,0589585426
CQ138,HỒ MINH VINH,nam,19/01/2023,062456573326,0397455663
CQ139,VÕ GIA VÂN,nữ,08/05/1994,048282655708,0827542514
CQ140,Trí Đình Lê,nữ,01/10/2018,008655285725,0875498660
CQ141,NGUYỄN TẤN TÀI,nam,29/12/1998,019592792870,0599070835
CQ142,NGÔ HỮU THẢO,nam,24/04/2012,095827158342,0892930119
CQ143,TẠ VĂN DŨNG,Nam,18/01/2017,094110223910,0322083796
CQ144,DƯƠNG KHÁNH LAN,nữ,21/11/2021,044935845015,0963326979
CQ145,LÝ QUỐC NHÂN,nam,18/04/2016,083135704383,0385472228
CQ146,BÙI ĐÌNH ANH,nữ,9/10/2019,056710305574,0847180358
CQ147,PHAN THỊ VÂN,nữ,13/08/1997,060595746343,0849521016
CQ148,NGỌC ĐÌNH ANH,nam,25/04/2017,025480574597,0364855603
CQ149,HÀ VĂN TIẾN,nữ,25/02/1981,022721246383,0963166161
CQ150,LÝ NGỌC QUANG,nam,24/12/1991,089552234579,0761223412
CQ151,TRƯƠNG QUỐC BÌNH,nữ,27/07/2009,070500552894,0567935760
CQ152,LÊ ĐÌNH VỸ,nam,14/12/1993,092718786441,0963740855
CQ153,PHAN MINH QUANG,nam,17/10/1990,068553971587,0997982926
CQ154,ĐẶNG HỮU LAN,nữ,02/01/2018,052132682408,0788888314
CQ155,DƯƠNG HỮU TRUNG,nữ,09/03/1983,030244036743,0907543302
CQ156,TRỊNH ĐÌNH QUỐC,nam,27/12/2023,049913518755,0919784390
CQ157,HƯNG HỮU VY,nữ,16/03/1989,093465814347,0843680050
CQ158,HỒ NGỌC TUYẾT,nam,25/10/1984,036889433856,0399706859
CQ159,Trần Ngọc Thảo,nữ,08/03/1999,022102426612,0946677069
CQ160,NGỌC GIA VỸ,nữ,26/02/2022,046176190071,0354968521
CQ161,NGUYỄN THỊ XUÂN,nam,20/02/2023,064401545800,0904986818
CQ162,VƯƠNG THỊ VY,nữ,18/04/2003,006178656792,0788769930
CQ163,TẠ ĐÌNH THẢO,nam,03/12/2011,094387268117,0815478867
CQ164,VƯƠNG ĐÌNH THÚY,nữ,15/02/2016,026520242409,0396394238
CQ165,TRẦN KHANH DUY,nữ,10/04/1997,072296172079,0526326304
CQ166,NGUYỄN THỊ VŨ,nữ,25/08/2013,067475387312,0833875625
CQ167,TRỊNH HỮU LƯU,nữ,12/07/2013,048574911289,0857725347
CQ168,TRẦN KHÁNH MINH,nữ,25/12/2016,001786130518,0856986293
CQ169,TRẦN THỊ THÚY,nam,10/08/2004,093894975338,0567399213
CQ170,PHAN VĂN VY,nam,13/02/2011,042464282072,0787789185
CQ171,HƯNG KHÁNH ĐỨC,nữ,22/07/2018,096124424391,0857530765
CQ172,MAI VĂN MINH,nam,01/01/2016,002377430114,0386674935
CQ173,PHAN KHÁNH KHÁNH,nam,11/04/2002,008218262416,0787727760
CQ174,BÙI KHÁNH VINH,nam,18/02/2010,079984258267,0393317067
CQ175,TRỊNH VĂN LINH,nam,15/04/2020,087677168932,0376291600
CQ176,LÝ THANH LINH,nữ,28/07/1984,080145611461,0812813088
CQ177,Trí khánh huy,nữ,28/12/2021,038739903112,0384894382
CQ178,Lương Thị Tuyết,Nữ,26/06/1990,025506335625,0349944959
CQ179,Lê Minh Hương,nữ,03/03/2012,025539662670,0791851359
CQ180,Ngô Minh Nam,Nam,01/05/1995,092516965595,0321661063
CQ181,LÝ ĐÌNH THẢO,nữ,29/10/2020,034893983259,0823970941
CQ182,HỒ KHÁNH NAM,Nữ,17/08/2021,092865559996,0382757685
CQ183,NGUYỄN NGỌC YẾN,nữ,22/05/2018,082432838085,0762185548
CQ184,ĐẶNG MINH VŨ,nam,20/10/1995,067111057148,0836111765
CQ185,BẠCH GIA NGỌC,nam,08/07/2016,030916926510,0992692342
CQ186,HỒ GIA HOA,nam,12/09/1974,025694304953,0917746388
CQ187,TRẦN NGỌC SƠN,nữ,06/12/2019,070374738087,0857080750
CQ188,NGÔ MINH VŨ,nữ,30/07/1996,046441676374,0799002518
CQ189,HÀ NGỌC HOA,nam,08/05/2023,091589080341,0917235516
CQ190,LÝ ĐÌNH TRUNG,nữ,04/05/2004,075459171105,0393622523
CQ191,MAI NGỌC ĐỨC,nữ,07/12/2022,075110705603,0792134487
CQ192,TRƯƠNG ĐÌNH SƠN,nam,23/12/2008,014739066225,0904732677
CQ193,MAI VĂN LINH,nữ,08/05/2002,045768706528,0987189139
CQ194,DƯƠNG GIA NHÂN,Nữ,31/10/2017,040303681446,0851041404
CQ195,HÀ ĐÌNH LƯU,nam,23/04/2010,034692557675,0975593228
CQ196,LÝ VĂN XUÂN,nữ,26/10/2020,087776708936,0597358882
CQ197,ĐẶNG QUỐC KHANG,nữ,24/04/2016,036551097586,0527509686
CQ198,MAI NGỌC QUỐC,nam,31/05/2020,093778327657,0896727763
CQ199,BẠCH GIA VỸ,nữ,16/11/2003,052459661181,0913908895
CQ200,TRƯƠNG THANH VĨ,nam,29/11/2016,089167921192,0829587213
CQ201,TRẦN THANH YẾN,nữ,04/09/2011,042830495627,0344550089
CQ202,VŨ QUỐC THÁI,nữ,09/11/1998,006338238410,0523408947
CQ203,NGUYỄN KHÁNH TIẾN,nữ,11/1/2006,093374602573,0787249592
CQ204,TRÍ KHÁNH THÀNH,nữ,06/07/2020,066170759015,0971088847
CQ205,Mai Văn Mỹ,nữ,05/09/2013,040360233682,0964526481
CQ206,Mai Đình Tâm,nam,19/12/2017,024160971988,0909395445
CQ207,TẠ MINH ANH,nam,12/7/1986,006388507323,0854250957
CQ208,Dương Quốc Cảm,nữ,04/11/2008,034179159214,0584880277
CQ209,Phạm Thanh Hồng,nữ,07/06/2012,024635332990,0872430911
CQ210,DƯƠNG THANH BÌNH,nữ,14/6/2019,049917128613,0525292131
CQ211,HƯNG ĐÌNH LAN,nam,15/02/1996,096454656999,0845153130
CQ212,TẠ GIA CHI,nữ,30/08/2004,035969310880,0337102419
CQ213,Bạch Đình Hà,nữ,02/05/2018,075741720664,0882621344
CQ214,LÊ NGỌC NAM,nữ,18/01/2012,094879941004,0597983907
CQ215,VŨ QUỐC LINH,nam,24/07/2004,072435132838,0339063936
CQ216,VƯƠNG VĂN VY,nam,31/07/2019,079350604420,0778578325
CQ217,VƯƠNG MINH HƯƠNG,nữ,15/5/2019,082937041098,0881807252
CQ218,ĐẶNG QUỐC MỸ,nam,8/3/1990,095560263460,0795411465
CQ219,LÂM THANH TIẾN,nữ,27/10/2012,042703741929,0771649802
CQ220,HƯNG THỊ MỸ,nam,20/06/2019,091389866245,0797254702
CQ221,Hưng Quốc Hưng,Nữ,03/03/2018,079608887241,0884767256
CQ222,Bạch Minh Linh,nữ,5/3/2018,052378714688,0793466133
CQ223,Trinh Gia Tùng,nam,04/09/2009,014802785036,0784712755
CQ224,BẠCH GIA HẢI,nam,09/07/2014,036604589553,0897925647
CQ225,Đặng Khánh Duyên,nam,20/11/2004,087691351996,0522923794
CQ226,NGÔ VĂN LAN,nữ,04/11/2012,080915716906,0787887254
CQ227,LÂM THANH ĐỨC,nam,25/11/2017,054467248605,0707866332
CQ228,BÙI KHÁNH ĐỨC,nam,20/09/2007,066208288593,0988836189
CQ229,HỒ THỊ CẨM,nam,14/11/1987,080824949282,0365721782
CQ230,NGỌC GIA KHOA,nữ,15/07/2021,034603130461,0778119680
CQ231,VÕ KHÁNH CẪM,nam,22/04/2003,083207383819,0706586970
CQ232,DƯƠNG ĐÌNH YẾN,nam,8/3/2006,093624649949,0586957088
CQ233,ĐỖ MINH NHÂN,nam,26/10/2022,011505472521,0873275605
CQ234,Phan Ngọc Quốc,nữ,13/04/1990,095320458091,0346505168
CQ235,VÕ VĂN SƠN,nam,16/10/2016,054731613052,0874663066
CQ236,VŨ KHÁNH TOÀN,nam,07/10/2019,011734859738,0363352461
CQ237,LÂM MINH TÂM,nữ,27/01/2016,020354193199,0847090860
CQ238,TRÍ MINH TÙNG,nam,11/03/1999,026789953970,0918719985
CQ239,PHAN THỊ ĐỨC,nam,08/06/2019,086681073340,0335764024
CQ240,VŨ MINH VY,nữ,25/02/1996,002183503135,0786277253
CQ241,HƯNG VĂN MINH,nữ,29/06/1995,014893001046,0701833917
CQ242,LÝ VĂN VY,nữ,27/08/1996,060865081649,0343630899
CQ243,LƯƠNG ĐÌNH NHÂN,nam,09/01/2023,052725940614,0387623517
CQ244,TRÍ KHÁNH HUY,nam,29/04/2010,038862679398,0522128301
CQ245,VŨ GIA TUYẾT,nam,21/09/2019,015709526300,0709385582
CQ246,NGUYỄN ĐÌNH TÙNG,nam,22/07/2022,025961912403,0912250087
CQ247,TRÍ KHÁNH NAM,nam,11/02/2015,015426625147,0389815591
CQ248,HOÀNG MINH KHANG,nam,21/03/2020,095587856493,0827328924
CQ249,BÙI KHÁNH TRÍ,nữ,07/07/2012,060760642185,0908166919
CQ250,HƯNG ĐÌNH HÀ,nữ,21/04/2009,019508078964,0961264490
CQ251,TRƯƠNG ĐÌNH THÀNH,nữ,14/12/2020,079730174649,0586990467
CQ252,VƯƠNG THANH QUANG,nam,02/05/2012,060309192921,0388305478
CQ253,NGUYỄN MINH HÒA,Nữ,15/05/2010,096135420960,0915033780
CQ254,HOÀNG QUỐC THÀNH,nữ,10/02/2015,031176798309,0338801252
CQ255,TRÍ ĐÌNH TÚ,nam,27/08/2012,058394032961,0846870926
CQ256,DƯƠNG MINH KHOA,nữ,17/08/2013,004607549446,0971385109
CQ257,LÂM MINH NGỌC,nam,26/10/1991,080722609335,0918917000
CQ258,NGỌC MINH THẢO,Nữ,26/04/2000,074725403911,0876311880
CQ259,HÀ NGỌC MỸ,nam,06/07/2004,046966911281,0322774129
CQ260,HOÀNG VĂN VỸ,nữ,20/05/2002,052401705985,0529955063
CQ261,Vương Khánh Mỹ,nữ,13/12/2004,015272888663,0871319671
CQ262,Trịnh Ngọc Bình,nữ,25/06/2021,001158275494,0966764734
CQ263,NGỌC VĂN LÊ,nữ,26/03/2012,093939627758,0324426987
CQ264,TRƯƠNG HỮU LÊ,nam,21/11/2018,026228246927,0772857252
CQ265,VÕ HỮU HUY,nữ,28/10/2014,075924551458,0794125056
CQ266,TRỊNH ĐÌNH HỒNG,nam,08/12/2002,020558865570,0529075552
CQ267,VƯƠNG ĐÌNH NGỌC,nữ,30/05/2010,034905329433,0343667390
CQ268,Phan Thanh Mỹ,nam,29/04/1985,022620018490,0987965123
CQ269,LÝ GIA NHÂN,nữ,23/6/2016,002762962414,0998219116
CQ270,TẠ ĐÌNH YẾN,nam,17/03/1997,051934176898,0379237415
CQ271,ĐẶNG QUỐC DUYÊN,nữ,06/10/2010,042441881091,0321175818
CQ272,VƯƠNG ĐÌNH HƯƠNG,nữ,16/07/2002,089622668181,0907437406
CQ273,Lý Đình Thành,nữ,08/06/2016,035851585566,0761511114
CQ274,Phạm Thanh Nhân,nữ,29/10/2017,011575073687,0703076349
CQ275,VŨ GIA THẢO,nữ,29/9/2010,033547067418,0779565070
CQ276,ĐẶNG HỮU TRANG,nam,21/01/2004,074886193115,0701995861
CQ277,DƯƠNG KHÁNH VINH,nữ,29/01/2020,089714192377,0339597306
CQ278,TẠ THỊ VŨ,nữ,08/01/2015,089102851297,0708960215
CQ279,HƯNG QUỐC NHÂN,nữ,19/12/2015,070517558757,0327791943
CQ280,HOÀNG THANH BÌNH,nữ,26/11/2009,048488960748,0592075049
CQ281,HƯNG ĐÌNH TRANG,Nam,08/05/2014,027316749629,0704134951
CQ282,Dương Gia Lan,nữ,05/07/2020,082158982137,0934951219
CQ283,Phan Thị Hồng,nữ,04/08/2019,006325433139,0521284152
CQ284,Đặng Thị Đức,nữ,16/08/1986,083615589109,0351513419
CQ285,Vũ Ngọc Lê,nữ,20/01/1991,093907017106,0364611086
CQ286,MAI QUỐC TIẾN,nam,27/04/2011,075557491089,0589518671
CQ287,ĐẶNG THỊ VY,nam,20/07/2007,036389314030,0761926759
CQ288,BÙI VĂN TOÀN,nữ,28/11/2004,006192255212,0592046542
CQ289,VƯƠNG THỊ VŨ,nam,22/08/2012,066136844661,0344766018
CQ290,Ngọc Thanh Minh,nữ,30/12/1991,064156678302,0788755504
CQ291,HƯNG KHÁNH ĐỨC,nữ,26/04/2004,079865590386,0787571088
CQ292,NGUYỄN THANH XUÂN,nữ,15/01/2017,001242853826,0788026995
CQ293,NGỌC ĐÌNH DŨNG,nam,14/07/2009,025993795182,0392952839
CQ294,LÊ KHÁNH ĐỨC,nữ,15/02/2018,033808251042,0569664927
CQ295,Hà Thị Lan,nam,09/12/2016,094995416848,0892264239
CQ296,HỒ HỮU NAM,nam,08/06/2012,067412924333,0939210173
CQ297,TẠ GIA CẨM,Nữ,21/11/2008,080262267379,0776171239
CQ298,VÕ QUỐC KHÁNH,nữ,29/08/2004,075506497600,0872546034
CQ299,VŨ GIA THÀNH,nam,21/12/2019,092355914203,0993586223
CQ300,TẠ VĂN THÚY,nữ,26/11/1999,014598174134,0915175113
CQ301,TRỊNH MINH THẢO,nữ,22/07/2018,015437809587,0899109385
CQ302,HỒ VĂN TOÀN,nữ,06/08/2015,012612554205,0989012180
CQ303,NGỌC THỊ VINH,nam,01/02/2003,080696026470,0585898074
CQ304,TRƯƠNG HỮU CẨM,nam,26/12/2002,086772817413,0348147531
CQ305,LÊ VĂN THÁI,nữ,26/03/2022,079680856530,0357627528
CQ306,BÙI MINH TUYẾT,nam,30/01/2002,045914857339,0372826429
CQ307,TRƯƠNG MINH VỸ,nam,20/12/2001,051304608402,0933869843
CQ308,PHAN THANH THÀNH,nữ,11/10/1983,012459275930,0998323055
CQ309,LƯƠNG GIA THÚY,nữ,27/05/2015,058851756024,0705169928
CQ310,LƯƠNG KHÁNH VÂN,nam,01/07/2006,020795409409,0366433324
CQ311,TRÍ THANH THÚY,nam,05/07/2016,077102388641,0583454308
CQ312,HOÀNG THANH ĐỨC,nam,25/05/2006,027635212926,0389877711
CQ313,NGỌC THỊ HUY,nữ,07/05/2007,096132438679,0812576466
CQ314,HOÀNG GIA DŨNG,nam,23/01/2002,054506961050,0564002622
CQ315,NGUYỄN ĐĂNG DUY,nam,01/10/2004,079428222781,0833887460
CQ316,LÊ ĐÌNH VŨ,nam,28/09/2006,068688896416,0902541143
CQ317,TRỊNH MINH NAM,nam,27/05/2014,054321573224,0895775230
CQ318,ĐỖ MINH THÁI,nữ,08/12/2018,045258097945,0986621738
CQ319,LÂM VĂN HÀ,nữ,13/06/2010,089666583843,0781429936
CQ320,LÊ QUỐC THÀNH,nam,20/10/2008,051279891376,0945943647
CQ321,LÝ HỮU THÁI,nữ,23/01/2020,066699799328,0706253712
CQ322,VÕ THỊ LINH,nữ,02/07/2021,025283404107,0941739815
CQ323,BẠCH GIA CHI,nữ,23/03/2000,046107248910,0887518402
CQ324,NGỌC QUỐC SƠN,nam,07/11/2012,001546859349,0787219692
CQ325,VŨ HỮU QUỐC,nam,03/09/2005,011576355205,0322441956
CQ326,VÕ GIA MINH,nữ,06/11/2023,008756322967,0881967971
CQ327,HOÀNG VĂN TIẾN,nữ,16/10/2015,033352667887,0908874535
CQ328,VƯƠNG HỮU TOÀN,nam,09/01/2003,051419676066,0935071504
CQ329,Trịnh Gia Anh,nam,25/11/2009,079334106796,0383959448
CQ330,NGỌC THỊ KHÁNH,nữ,14/01/2006,037472932837,0564733918
CQ331,HÀ HỮU QUANG,nam,22/05/2005,048946577932,0383044198
CQ332,Hà Gia Vỹ,nữ,09/02/2022,049437686839,0788055369
CQ333,HOÀNG VĂN ANH,nữ,07/01/2010,079799642437,0831635679
CQ334,Ngọc Hữu Toàn,nam,27/03/2022,087815335922,0763969476
CQ335,HOÀNG QUỐC THÚY,nam,06/07/1990,022981706608,0386031194
CQ336,LƯƠNG GIA LINH,nam,04/10/2019,056469937532,0768319738
CQ337,TRẦN MINH THÚY,nữ,22/12/2008,058875761891,0568837291
CQ338,LƯƠNG VĂN LƯU,nữ,28/08/2006,075501975634,0769780113
CQ339,NGUYỄN THỊ TÂM,nữ,03/02/2022,074111856926,0983939674
CQ340,LÊ VĂN LƯU,nam,02/02/2010,010726013233,0569546356
CQ341,HỒ QUỐC SƠN,nữ,11/04/2015,093395295457,0351615168
CQ342,Lương Minh Tú,nam,17/08/2005,014645823384,0789212706
CQ343,BẠCH THANH HÒA,nữ,05/02/2015,035820238739,0564704161
CQ344,VŨ QUỐC VỸ,nam,08/05/2014,001550935653,0834031781
CQ345,LÝ MINH VÂN,nữ,20/11/2012,054783382308,0901400801
CQ346,LÝ Đình THÚY,nữ,14/03/2012,025959445280,0873065117
CQ347,TRÍ ĐÌNH MỸ,nam,29/07/1997,094541816608,0946588075
CQ348,BÙI NGỌC TIẾN,nữ,08/05/2000,026833841232,0992452731
CQ349,BẠCH VĂN TÙNG,nữ,15/02/2022,012900916496,0973894375
CQ350,TRẦN NGỌC QUỐC,nữ,19/08/1994,044452853120,0978699846
CQ351,MAI MINH MỸ,nam,24/6/1997,002560776614,0363210250
CQ352,ĐẶNG MINH DUYÊN,nữ,20/02/2001,048333426995,0857509520
CQ353,HÀ HỮU VÂN,nam,13/07/2011,058252846038,0811056698
CQ354,Hưng Minh Thúy,nữ,22/10/2011,030667097834,0893806280
CQ355,Phạm Minh Hồng,nam,05/02/2015,037885699616,0978585873
CQ356,VŨ QUỐC ĐỨC,nữ,10/06/2006,038594376948,0811263281
CQ357,TRỊNH NGỌC VÂN,nam,16/10/2019,036505909848,0342126888
CQ358,HỒ HỮU ĐỨC,nam,07/07/2014,092456345252,0377030518
CQ359,VƯƠNG THANH VŨ,nữ,28/07/2017,084975237935,0793482798
CQ360,ĐỖ THỊ YẾN,nữ,30/04/2007,070921110269,0904387174
CQ361,HƯNG THỊ NAM,nam,27/05/2015,079807567730,0373988974
CQ362,HỒ NGỌC LƯU,nam,15/08/2020,037671000041,0789296911
CQ363,NGÔ KHÁNH DŨNG,nữ,09/02/2005,092974338616,0396499025
CQ364,Trí Đình Hòa,nữ,07/03/2011,025733191390,0366992581
CQ365,LÝ ĐÌNH KHÁNH,nam,05/01/2021,067161341271,0823706241
CQ366,LÊ NGỌC BÌNH,nữ,06/10/2016,060239558761,0896812279
CQ367,Đặng Gia Chi,nam,30/11/1978,024973678701,0706199817
CQ368,TRÍ THỊ NHÂN,nam,05/05/2010,019979724060,0772217637
CQ369,MAI ĐÌNH SƠN,nữ,17/09/2000,094417208818,0991658088
CQ370,LƯƠNG ĐÌNH KHÁNH,nữ,11/01/2017,006744031843,0973648447
CQ371,MAI VĂN THÚY,nam,07/07/2010,045544425997,0339364026
CQ372,NGUYỄN KHÁNH TRANG,nam,06/02/2021,092795642367,0709348931
CQ373,MAI MINH HỒNG,nam,7/11/2011,006679592803,0837524593
CQ374,NGUYỄN ĐÌNH DŨNG,nữ,27/03/2019,093897608791,0883753165
CQ375,HÀ THỊ TRUNG,nữ,29/11/2008,030919620715,0821230011
CQ376,LÂM THANH TOÀN,nam,01/05/1999,077327285110,0326161522
CQ377,Lý Ngọc Thảo,nam,09/04/2015,077131452141,0823615411
CQ378,VŨ QUỐC THÁI,nam,21/07/2015,042544788968,0706923592
CQ379,MAI THỊ QUỐC,nữ,23/09/2010,087790502868,0909714553
CQ380,LÊ MINH TRÍ,nữ,18/07/2004,012646217337,0897885539
CQ381,PHAN THỊ NGỌC,nam,21/01/2020,025334084311,0847681600
CQ382,LƯƠNG QUỐC DUY,nam,01/12/2010,077296839116,0882397633
CQ383,Lâm Thanh Khang,nam,08/03/2020,035652382236,0932459726
CQ384,NGÔ VĂN TUYẾT,nữ,05/01/2016,089939668661,0833105458
CQ385,HƯNG VĂN NGỌC,nam,16/12/2012,095700715269,0385003954
CQ386,TRƯƠNG NGỌC HƯƠNG,nam,25/11/2001,086390550609,0589306162
CQ387,HOÀNG MINH NGỌC,nữ,15/10/2015,001127785848,0784524503
CQ388,PHAN NGỌC MỸ,nữ,01/04/2018,054146796951,0912933571
CQ389,HỒ KHÁNH HOA,nam,10/12/2010,011187102272,0585350196
CQ390,HÀ MINH MINH,nam,10/05/2012,049420546153,0914726024
CQ391,HỒ MINH TOÀN,nữ,28/02/2000,093860102481,0767988267
CQ392,PHAN ĐÌNH BÌNH,nữ,30/01/2018,037646952565,0982942051
CQ393,TRẦN HỮU VÂN,nữ,02/02/1997,001700522357,0791893016
CQ394,NGỌC MINH QUỐC,nữ,11/06/2008,002679019316,0889279963
CQ395,LÝ GIA TRÍ,nam,07/06/1979,096311122446,0837087578
CQ396,TRỊNH HỮU VÂN,nữ,06/04/2022,027879720644,0522211309
CQ397,DƯƠNG HỮU VỸ,nữ,06/04/2009,042766631717,0581601745
CQ398,MAI ĐÌNH VÂN,nữ,10/12/1988,080755013985,0934405191
CQ399,BẠCH KHÁNH NHÂN,nam,17/09/2010,082580549334,0322308141
CQ400,BÙI VĂN VINH,nam,05/12/2012,077180535928,0352708516
CQ401,HÀ NGỌC SƠN,nam,27/07/2008,006938489024,0335169013
CQ402,ĐỖ NGỌC SƠN,Nữ,19/04/1981,054477652988,0979042695
CQ403,VŨ HỮU LƯU,nữ,09/10/2023,036411937951,0385318409
CQ404,MAI VĂN VŨ,Nữ,14/09/1985,026465112147,0905123669
CQ405,VŨ HỮU KHANG,nữ,12/12/2019,017504951238,0913956189
CQ406,PHAN THANH TUYẾT,nữ,17/05/2023,066911286662,0856499240
CQ407,HOÀNG NGỌC HÒA,nam,10/11/2011,004369970684,0992285632
CQ408,LÊ THỊ TUYẾT,nam,26/12/2012,077184800353,0767264393
CQ409,Vương Hữu Khang,nữ,24/10/2013,079594152185,0396352580
CQ410,LÊ MINH DUY,Nữ,02/12/2020,080774809712,0982718429
CQ411,VÕ QUỐC HUY,nam,18/12/1990,064468890207,0349334600
CQ412,PHAN GIA DŨNG,Nam,08/09/2020,045111619654,0368886048
CQ413,TẠ ĐÌNH KHOA,nữ,14/01/2004,004823378792,0852173114
CQ414,TRỊNH NGỌC TRANG,nam,09/01/1998,038460448105,0994873673
CQ415,TRÍ QUỐC QUỐC,nữ,21/06/2015,042830755033,0882966928
CQ416,BẠCH NGỌC LÊ,nam,11/04/2003,022561139633,0932728330
CQ417,TRƯƠNG KHÁNH HƯƠNG,nữ,28/05/2001,051431946810,0851751071
CQ418,HÀ GIA THẢO,nam,08/11/2008,001174630376,0936582168
CQ419,LÂM VĂN HOA,nữ,31/10/2015,031149302520,0814920849
CQ420,LÊ ĐÌNH TRÍ,Nữ,20/07/2005,060947949297,0787505758
CQ421,ĐỖ THỊ HÒA,nam,22/10/2018,001425540491,0529098175
CQ422,HƯNG QUỐC TOÀN,nữ,02/02/2008,084954796056,0949293740
CQ423,VŨ HỮU SƠN,nữ,07/03/1989,051938499132,0882456298
CQ424,LÂM QUỐC HÒA,nam,24/10/1999,014505284193,0944316272
CQ425,HƯNG MINH TUYẾT,nữ,01/08/2011,027396017569,0897350192
CQ426,BẠCH ĐÌNH CẨM,nữ,17/07/2016,040108870791,0373211844
CQ427,TRÍ MINH LAN,nữ,19/10/2020,027551119254,0527324789
CQ428,NGỌC MINH TUYẾT,nữ,11/04/2011,002324754886,0948320795
CQ429,ĐẶNG HỮU YẾN,nữ,07/05/2019,012386643167,0933624066
CQ430,LÂM ĐÌNH HÒA,nữ,14/10/2019,083554002710,0825907582
CQ431,LÊ NGỌC HƯƠNG,nam,28/06/2001,017782464438,0918025119
CQ432,DƯƠNG THANH LAN,nam,09/10/2006,062392058611,0987968185
CQ433,PHẠM QUỐC THẢO,nữ,10/02/2022,058159753655,0354606989
CQ434,LƯƠNG HỮU HUY,nam,24/09/2011,048436637255,0765815132
CQ435,LÂM NGỌC TÙNG,nữ,17/04/1988,004222428054,0706787179
CQ436,TRƯƠNG THANH TIẾN,nữ,25/06/2020,010354712268,0702511515
CQ437,TẠ NGỌC KHOA,nữ,30/04/2022,015659179650,0988414412
CQ438,NGỌC NGỌC THÀNH,nữ,22/09/2004,087354985330,0889157704
CQ439,HƯNG KHÁNH ANH,nữ,18/02/2020,012703396012,0835204798
CQ440,VÕ ĐÌNH DŨNG,nữ,02/05/2010,042513899146,0846518018
CQ441,HƯNG THỊ TIẾN,nam,02/06/1997,031948699036,0382023245
CQ442,BẠCH ĐÌNH DUY,nữ,24/05/2023,064766492949,0775060506
CQ443,PHAN ĐÌNH HUY,nữ,25/12/1989,026453244466,0839844609
CQ444,HOÀNG NGỌC HÒA,nam,25/04/1995,060497048561,0988945010
CQ445,HOÀNG THANH HÀ,nam,06/08/2021,036713441675,0783943391
CQ446,LÝ HỮU NHÂN,nữ,25/03/2007,062294183834,0702476102
CQ447,ĐỖ KHÁNH ĐỨC,nam,15/05/2022,074540097899,0331538176
CQ448,TRẦN KHÁNH TÚ,nữ,07/11/1987,086707720553,0948461550
CQ449,BÙI HỮU MỸ,nữ,02/11/2012,091112717597,0849410686
CQ450,Lương Minh Vy,Nữ,23/12/2023,045237519010,0707356117
CQ451,Đỗ Quốc Hải,nam,28/12/2002,095442153893,0906326309
CQ452,MAI GIA BÌNH,nữ,30/09/2005,042195429810,0708951745
CQ453,HƯNG GIA HÀ,nữ,11/10/2000,095122834528,0366019060
CQ454,LÝ KHÁNH KHANG,nữ,12/01/2008,052819062953,0824807353
CQ455,TRƯƠNG KHÁNH XUÂN,nam,26/07/2002,037647497206,0365392000
CQ456,VŨ THANH NHÂN,nam,13/11/2016,031311140781,0896311985
CQ457,LÝ QUỐC TOÀN,nữ,16/05/2022,001714175129,0356830109
CQ458,VÕ KHÁNH MINH,nam,27/3/2010,080709815424,0835773402
CQ459,TRƯƠNG THỊ TRANG,Nữ,24/03/2008,054701821654,0824372555
CQ460,DƯƠNG NGỌC QUỐC,nam,04/04/2011,020914262859,0976843610
CQ462,VŨ GIA HOA,Nam,20/04/2021,077742396054,0988802319
CQ463,HƯNG KHÁNH QUANG,Nữ,18/08/2021,010259606958,0857199903
CQ464,ĐẶNG GIA TÙNG,nữ,12/10/2023,067387549405,0564455394
CQ465,BÙI MINH DŨNG,nữ,30/09/1996,012455690909,0903444353
CQ466,NGÔ QUỐC TRANG,nữ,29/04/2014,079983253289,0779798127
CQ467,VŨ HỮU TÂM,nam,02/03/2016,096950275485,0394053405
CQ468,LÊ ĐẶNG TUẤN KIỆT,nam,26/02/1993,095363383926,0526821278
CQ469,Phạm Gia Tùng,Nữ,01/11/2009,086348258444,0599269167
CQ470,Bùi Thị Hương,nữ,25/07/2015,037725321763,0346253858
CQ471,PHAN THỊ VŨ,nữ,30/11/2021,066899285722,0598764511
CQ472,DƯƠNG KHÁNH QUỐC,nữ,19/02/2000,030177022003,0937293924
CQ473,HƯNG VĂN BÌNH,nam,30/01/1980,051466780043,0397225724
CQ474,LÊ NGỌC HỒNG,nam,23/03/2014,048790564857,0333217906
CQ475,NGỌC QUỐC BÌNH,nữ,26/07/2014,035755881993,0562461721
CQ476,TRẦN NGỌC THẢO,nam,11/12/2009,058964762971,0796000383
CQ477,BÙI ĐÌNH HUY,nam,02/05/2013,012780171259,0941757331
CQ478,HOÀNG NGỌC NHÂN,nữ,09/10/2019,075648180668,0365386129
CQ479,HÀ KHÁNH SƠN,nam,07/07/2006,091258826045,0854438830
CQ480,Nguyễn Hữu Mỹ,nam,12/12/2022,080550215663,0895546265
CQ481,LÊ THANH LÊ,nam,24/03/1994,075809188522,0891263350
CQ482,BẠCH MINH VINH,nữ,14/07/2006,025957047003,0881667352
CQ483,TRƯƠNG KHÁNH THẢO,Nam,24/09/2020,014489298627,0357845577
CQ484,NGUYỄN VĂN HÒA,nam,23/11/2023,020704716226,0889752574
CQ485,LÝ THANH VÂN,nữ,13/03/2013,022249625226,0991507119
CQ486,ĐẶNG THANH HÀ,nam,01/09/1987,040416405621,0595173810
CQ487,HÀ NGỌC TRÍ,nữ,22/08/2008,034254822549,0795886439
CQ488,TẠ KHÁNH QUỐC,nam,07/10/2023,035430724641,0945862779
CQ489,NGỌC KHÁNH BÌNH,nữ,23/03/2002,066298159538,0943814079
CQ490,BÙI THANH VÂN,nam,29/08/1977,025140900536,0837583307
CQ491,TRƯƠNG VĂN TÂM,nữ,11/05/2015,052747664759,0945448077
CQ492,Phạm Thanh Khánh,nam,27/12/2007,083695741349,0825020994
CQ493,HÀ NGỌC CHI,nam,07/03/2008,040652604099,0849156962
CQ494,LƯƠNG NGỌC TRÍ,nam,04/11/1993,068152299685,0812626536
CQ495,Trí Khánh Cẩm,nam,03/10/1996,095946893789,0398833766
CQ496,Hà Văn Thái,nữ,04/05/2000,092587015964,0366804196
CQ497,Hưng Quốc Hà,nữ,19/02/2013,062362788427,0391686186
CQ499,Dương Đình Nam,nữ,11/10/2012,095688016851,0529505507
